Time,Event Type
2024-12-04 18:09:10,sum
2024-12-04 18:09:10,pow
2024-12-04 18:11:20,ping
2024-12-04 18:11:20,now
2024-12-04 18:11:20,type
2024-12-04 18:11:20,type
2024-12-04 18:11:20,type
2024-12-04 18:11:20,type
2024-12-04 18:11:20,type
2024-12-04 18:11:20,type
2024-12-04 18:11:20,type
2024-12-04 18:11:20,sum
2024-12-04 18:11:20,pow
2024-12-04 18:11:53,ping
2024-12-04 18:11:53,now
2024-12-04 18:11:53,type
2024-12-04 18:11:53,type
2024-12-04 18:11:53,type
2024-12-04 18:11:53,type
2024-12-04 18:11:53,type
2024-12-04 18:11:53,type
2024-12-04 18:11:53,type
2024-12-04 18:11:53,sum
2024-12-04 18:11:53,pow
2024-12-04 18:12:42,ping
2024-12-04 18:12:42,now
2024-12-04 18:12:42,type
2024-12-04 18:12:42,type
2024-12-04 18:12:42,type
2024-12-04 18:12:42,type
2024-12-04 18:12:42,type
2024-12-04 18:12:42,type
2024-12-04 18:12:42,type
2024-12-04 18:12:42,sum
2024-12-04 18:12:42,pow
2024-12-04 18:14:02,ping
2024-12-04 18:14:02,now
2024-12-04 18:14:02,type
2024-12-04 18:14:02,type
2024-12-04 18:14:02,type
2024-12-04 18:14:02,type
2024-12-04 18:14:02,type
2024-12-04 18:14:02,type
2024-12-04 18:14:02,type
2024-12-04 18:14:02,sum
2024-12-04 18:14:02,pow
2024-12-04 18:14:18,ping
2024-12-04 18:14:18,now
2024-12-04 18:14:18,type
